<?xml version="1.0" encoding="UTF-8"?>
<!DOCTYPE hibernate-configuration PUBLIC
	"-//Hibernate/Hibernate Configuration DTD 3.0//EN"
	"http://www.hibernate.org/dtd/hibernate-configuration-3.0.dtd">
	<hibernate-configuration>
    <session-factory>
        <property name="hibernate.dialect">org.hibernate.dialect.MySQLDialect</property>
        <property name="hibernate.connection.driver_class">com.mysql.cj.jdbc.Driver</property>
        <property name="hibernate.connection.url">jdbc:mysql://localhost:3306/employee</property>
        <property name="hibernate.connection.username">root</property>
        <property name="hibernate.connection.password">sakshi@2210</property>
        <property name="hibernate.hbm2ddl.auto">update</property>
        <property name="hibernate.current_session_context_class">thread</property>
        <property name="show_sql">true</property>
        <property name="hibernate.show_sql">true</property>
        <property name="hibernate.format_sql">true</property>
        <property name="hibernate.use_sql_comments">true</property>
       
       
        <mapping class="Hibernate.EmployeeSystem.entity.Employee"/>
        <mapping class="Hibernate.EmployeeSystem.entity.Department"/>
        <mapping class="Hibernate.EmployeeSystem.entity.Role"/>
        <mapping class="Hibernate.EmployeeSystem.entity.Project"/>
        
    </session-factory>
</hibernate-configuration>